sep=|
Open?|Time|Days of Week|Location|Dates|CRN|Subject|Course #|Section|Campus|Credits|Course Title|Seats Remaining|Waitlist Actual|Waitlist Remaining|Instructor(s)|
false|7:30 am - 8:55 am|MR|MARILLAC HALL 139|Jan 22, 2014 - May 13, 2014|10070|ACC|1007|0|Q|3.000|FUNDAMENTALS OF ACCOUNTING I|30|0|0|Sean   Fitzsimons (P)|
false|12:15 pm - 1:40 pm|MR|MARILLAC HALL 139|Jan 22, 2014 - May 13, 2014|10071|ACC|1007|0|Q|3.000|FUNDAMENTALS OF ACCOUNTING I|0|0|0|Robert   Meiselas (P)|
false|1:50 pm - 3:15 pm|TF|MARILLAC HALL 137|Jan 22, 2014 - May 13, 2014|10072|ACC|1007|0|Q|3.000|FUNDAMENTALS OF ACCOUNTING I|18|0|0|Gerald Emanuel  Singh (P)|
false|9:05 am - 10:30 am|MR|MARILLAC HALL 139|Jan 22, 2014 - May 13, 2014|10231|ACC|1007|0|Q|3.000|FUNDAMENTALS OF ACCOUNTING I|25|0|0|Sean   Fitzsimons (P)|
false|10:40 am - 12:05 pm|TF|MARILLAC HALL 139|Jan 22, 2014 - May 13, 2014|10232|ACC|1007|0|Q|3.000|FUNDAMENTALS OF ACCOUNTING I|28|0|0|Jeremiah J.  O'Sullivan (P)|
false|12:15 pm - 1:40 pm|TF|MARILLAC HALL 137|Jan 22, 2014 - May 13, 2014|10504|ACC|1007|0|Q|3.000|FUNDAMENTALS OF ACCOUNTING I|30|0|0|Jeremiah J.  O'Sullivan (P)|
false|10:40 am - 12:05 pm|MR|MARILLAC HALL 137|Jan 22, 2014 - May 13, 2014|10505|ACC|1007|0|Q|3.000|FUNDAMENTALS OF ACCOUNTING I|9|0|0|Almerinda   Forte (P)|
false|9:30 am - 11:15 am|S|MARILLAC HALL 137|Jan 22, 2014 - May 13, 2014|10915|ACC|1007|0|Q|3.000|FUNDAMENTALS OF ACCOUNTING I|26|0|0|Gerald Emanuel  Singh (P)|
false|3:25 pm - 4:50 pm|MR|MARILLAC HALL 139|Jan 22, 2014 - May 13, 2014|10916|ACC|1007|0|Q|3.000|FUNDAMENTALS OF ACCOUNTING I|18|0|0|Robert   Meiselas (P)|
false|7:10 pm - 10:00 pm|W|DASILVA  ACADEMIC CENTER 214|Jan 22, 2014 - May 13, 2014|13087|ACC|1007|0|S|3.000|FUNDAMENTALS OF ACCOUNTING I|10|0|0|John   D'Amico (P)|
false|7:30 am - 8:55 am|TF|MARILLAC HALL 137|Jan 22, 2014 - May 13, 2014|13827|ACC|1007|0|Q|3.000|FUNDAMENTALS OF ACCOUNTING I|23|0|0|Panayiotis S.  Andreou (P)|
false|7:10 pm - 10:00 pm|T|MARILLAC HALL 122|Jan 22, 2014 - May 13, 2014|14853|ACC|1007|0|Q|3.000|FUNDAMENTALS OF ACCOUNTING I|26|0|0|Charles J.  Gonsalves (P)|
false|10:40 am - 12:05 pm|MR|LAVELLE HALL 206B|Jan 22, 2014 - May 13, 2014|15489|ACC|1007|0|S|3.000|FUNDAMENTALS OF ACCOUNTING I|8|0|0|Rosalba   Mazzola (P)|
false|7:10 pm - 10:00 pm|T|DASILVA  ACADEMIC CENTER 214|Jan 22, 2014 - May 13, 2014|10200|ACC|1008|0|S|3.000|FUNDAMENTALS OF ACCOUNTING II|3|0|0|Mark   Buro (P)|
false|7:10 pm - 10:00 pm|M|MARILLAC HALL 137|Jan 22, 2014 - May 13, 2014|10802|ACC|1008|0|Q|3.000|FUNDAMENTALS OF ACCOUNTING II|5|0|0|Robert G.  Pennachio (P)|
false|9:05 am - 10:30 am|MR|MARILLAC HALL 137|Jan 22, 2014 - May 13, 2014|10971|ACC|1008|0|Q|3.000|FUNDAMENTALS OF ACCOUNTING II|0|0|0|Almerinda   Forte (P)|
false|7:10 pm - 10:00 pm|T|MARILLAC HALL 139|Jan 22, 2014 - May 13, 2014|13079|ACC|1008|0|Q|3.000|FUNDAMENTALS OF ACCOUNTING|26|0|0|Ruchika   Sharma (P)|
false|9:05 am - 10:30 am|TF|MARILLAC HALL 137|Jan 22, 2014 - May 13, 2014|13081|ACC|1008|0|Q|3.000|FUNDAMENTALS OF ACCOUNTING II|28|0|0|Jeremiah J.  O'Sullivan (P)|
false|7:10 pm - 10:00 pm|M|LAVELLE HALL 104|Jan 22, 2014 - May 13, 2014|13086|ACC|1008|0|S|3.000|FUNDAMENTALS OF ACCOUNTING II|8|0|0|John   D'Amico (P)|
false|10:40 am - 1:30 pm|W|ST. JOHN HALL 208|Jan 22, 2014 - May 13, 2014|10003|ACC|2338|0|Q|3.000|FUNDAMENTALS OF ACCOUNTING I|33|0|5|Yeong C.  Choi (P)|
false|12:15 pm - 1:40 pm|TF|ST. JOHN HALL 206|Jan 22, 2014 - May 13, 2014|10431|ACC|2338|0|Q|3.000|FUNDAMENTALS OF ACCOUNTING I|30|0|0|Vijay P  Kumar (P)|
false|3:25 pm - 4:50 pm|MR|ST. JOHN HALL 208|Jan 22, 2014 - May 13, 2014|11740|ACC|2338|0|Q|3.000|FUNDAMENTALS OF ACCOUNTING I|33|0|0|TBA|
false|TBA| |ST. JOHN'S UNIVERSITY ON-LINE|Jan 22, 2014 - May 13, 2014|16293|ACC|2338|0|D|3.000|FUNDAMENTALS OF ACCOUNTING I|12|0|0|Teresa   Danile (P)|
false|1:50 pm - 4:40 pm|W|ST. JOHN HALL 208|Jan 22, 2014 - May 13, 2014|10001|ACC|2339|0|Q|3.000|FUNDAMENTALS OF ACCOUNTING II|34|0|0|Yeong C.  Choi (P)|
false|1:50 pm - 3:15 pm|TF|D'ANGELO CENTER 207|Jan 22, 2014 - May 13, 2014|10052|ACC|2339|0|Q|3.000|FUNDAMENTALS OF ACCOUNTING II|17|0|0|Mark Morgan  Ulrich (P)|
false|10:40 am - 12:05 pm|TF|MAHONEY HALL 203B|Jan 22, 2014 - May 13, 2014|10175|ACC|2339|0|S|3.000|FUNDAMENTALS OF ACCOUNTING II|33|0|0|Craig A.  Latshaw (P)|
false|12:15 pm - 1:40 pm|MR|ST. JOHN HALL 206|Jan 22, 2014 - May 13, 2014|10506|ACC|2339|0|Q|3.000|FUNDAMENTALS OF ACCOUNTING II|32|0|0|Lawrence J.  Ruisi (P)|
false|9:05 am - 10:30 am|TF|ST. JOHN HALL 208|Jan 22, 2014 - May 13, 2014|10876|ACC|2339|0|Q|3.000|FUNDAMENTALS OF ACCOUNTING II|5|0|0|Mark Morgan  Ulrich (P)|
false|3:25 pm - 4:50 pm|MR|ST. JOHN HALL 209|Jan 22, 2014 - May 13, 2014|10991|ACC|2339|0|Q|3.000|FUNDAMENTALS OF ACCOUNTING II|20|0|5|Biagio   Pilato (P)|
false|9:05 am - 10:30 am|TF|ST. JOHN HALL 209|Jan 22, 2014 - May 13, 2014|11757|ACC|2339|0|Q|3.000|FUNDAMENTALS OF ACCOUNTING II|35|0|0|Jialin   Sun (P)|
false|9:05 am - 10:30 am|MR|MARILLAC HALL 433|Jan 22, 2014 - May 13, 2014|12025|ACC|2339|0|Q|3.000|FUND OF ACCOUNTING II-HONORS|0|0|0|Biagio   Pilato (P)|
false|5:00 pm - 6:25 pm|MR|MARILLAC HALL 306B|Jan 22, 2014 - May 13, 2014|15454|ACC|2339|0|Q|3.000|FUNDAMENTALS OF ACCOUNTING II|26|0|0|Patrick A.  Casabona (P)|
false|12:15 pm - 1:40 pm|TF|MARILLAC HALL 225|Jan 22, 2014 - May 13, 2014|15492|ACC|2339|0|Q|3.000|FUNDAMENTALS OF ACCOUNTING II|28|0|0|Jialin   Sun (P)|
false|TBA| |ST. JOHN'S UNIVERSITY ON-LINE|Jan 22, 2014 - May 13, 2014|15713|ACC|2339|0|D|3.000|FUNDAMENTALS OF ACCOUNTING II|0|0|0|Teresa   Danile (P)|
false|9:05 am - 10:30 am|MR|D'ANGELO CENTER 207|Jan 22, 2014 - May 13, 2014|16352|ACC|2371|0|Q|3.000|INTERMEDIATE ACCOUNTING I|26|0|0|Cynthia R.  Phillips (P)|
false|9:05 am - 10:30 am|MR|ST. JOHN HALL 304B|Jan 22, 2014 - May 13, 2014|16353|ACC|2371|0|Q|3.000|INTERMEDIATE ACC I - HONORS|-1|0|0|Nina T.  Dorata (P)|
false|1:50 pm - 3:15 pm|TF|LAVELLE HALL 210|Jan 22, 2014 - May 13, 2014|16363|ACC|2371|0|S|3.000|INTERMEDIATE ACCOUNTING I|22|0|0|Craig A.  Latshaw (P)|
false|TBA| |ST. JOHN'S UNIVERSITY ON-LINE|Jan 22, 2014 - May 13, 2014|16421|ACC|2371|0|D|3.000|INTERMEDIATE ACCOUNTING I|19|0|0|Teresa   Danile (P)|
false|10:40 am - 12:05 pm|TF|MARILLAC HALL 325|Jan 22, 2014 - May 13, 2014|16455|ACC|2371|0|Q|3.000|INTERMEDIATE ACCOUNTING I|25|0|0|Joseph E  Trainor (P)|
false|5:00 pm - 6:25 pm|MR|ST. JOHN HALL 305|Jan 22, 2014 - May 13, 2014|16456|ACC|2371|0|Q|3.000|INTERMEDIATE ACCOUNTING I|23|0|0|TBA|
false|10:40 am - 12:05 pm|MR|MARILLAC HALL 427|Jan 22, 2014 - May 13, 2014|16136|ACC|3341|0|Q|3.000|INTERMEDIATE ACCOUNTING I|19|0|0|Patrick A.  Casabona (P)|
false|7:30 am - 8:55 am|TF|MARILLAC HALL 139|Jan 22, 2014 - May 13, 2014|10877|ACC|3342|0|Q|3.000|INTERMEDIATE ACCOUNTING II|0|0|0|Benjamin Rue  Silliman (P)|
false|12:15 pm - 1:40 pm|MR|ST. JOHN HALL 208|Jan 22, 2014 - May 13, 2014|10879|ACC|3342|0|Q|3.000|INTERMEDIATE ACCOUNTING II|0|0|0|Nina T.  Dorata (P)|
false|9:05 am - 10:30 am|MR|ST. JOHN HALL 209|Jan 22, 2014 - May 13, 2014|10880|ACC|3342|0|Q|3.000|INTERMEDIATE ACCOUNTING II|14|0|0|TBA|
false|12:15 pm - 1:40 pm|MR|LAVELLE HALL 104|Jan 22, 2014 - May 13, 2014|13348|ACC|3342|0|S|3.000|INTERMEDIATE ACCOUNTING II|17|0|0|Irene N.  McCarthy (P)|
false|9:05 am - 10:30 am|TF|MARILLAC HALL 432|Jan 22, 2014 - May 13, 2014|11756|ACC|3345|0|Q|3.000|COST ACCOUNTING|25|0|0|Vincent J.  Shea II (P)|
false|12:15 pm - 1:40 pm|TF|MARILLAC HALL 433|Jan 22, 2014 - May 13, 2014|15471|ACC|3345|0|Q|3.000|COST ACCOUNTING|6|0|0|Cynthia R.  Phillips (P)|
false|12:15 pm - 1:40 pm|TF|ST. JOHN HALL 113|Jan 22, 2014 - May 13, 2014|13156|ACC|3354|0|Q|3.000|ACCOUNTING INFORMATION SYSTEMS|17|0|0|Vincent J.  Shea II (P)|
false|10:40 am - 12:05 pm|TF|ST. JOHN HALL 307|Jan 22, 2014 - May 13, 2014|13721|ACC|3354|0|Q|3.000|ACCOUNTING INFORMATION SYSTEMS|0|0|0|Vincent J.  Shea II (P)|
false|9:00 am - 11:50 am|W|LAVELLE HALL 104|Jan 22, 2014 - May 13, 2014|14815|ACC|4344|0|S|3.000|ADVANCED ACCOUNTING II|29|0|0|Adrian P.  Fitzsimons (P)|
false|3:25 pm - 4:50 pm|MR|MARILLAC HALL 133A|Jan 22, 2014 - May 13, 2014|14215|ACC|4352|0|Q|3.000|FINANCIAL STATEMENT ANALYSIS|5|0|0|Patrick A.  Casabona (P)|
false|TBA| |ST. JOHN'S UNIVERSITY ON-LINE|Jan 22, 2014 - May 13, 2014|16388|ACC|4399|0|Q|3.000|ACCOUNTING INTERNSHI I|20|0|0|Irene N.  McCarthy (P)|
false|TBA| |ST. JOHN'S UNIVERSITY ON-LINE|Jan 22, 2014 - May 13, 2014|16389|ACC|4399|0|Q|3.000|ACCOUNTING INTERNSHI I|15|0|0|Joseph E  Trainor (P)|
false|7:10 pm - 9:40 pm|R|ST. JOHN HALL 212|Jan 22, 2014 - May 13, 2014|11415|ACC|503|0|Q|3.000|FINANCIAL REORTING|14|0|0|Patrick R.  Colabella (P)|
false|TBA| |ST. JOHN'S UNIVERSITY ON-LINE|Jan 22, 2014 - May 13, 2014|15399|ACC|503|0|D|3.000|FINANCIAL REORTING|5|0|0|Patrick R.  Colabella (P)|
false|6:00 pm - 8:30 pm|M|MURRAY HALL 208|Jan 22, 2014 - May 13, 2014|16298|ACC|503|0|M|3.000|FINANCIAL REORTING|15|0|0|Patrick R.  Colabella (P)|
false|7:10 pm - 10:40 pm|W|ST. JOHN HALL 208|Jan 22, 2014 - May 13, 2014|14613|ACC|515|0|Q|3.000|FIN'L REORTING CONCETS &ROB|25|0|0|Felix I.  Lessambo (P)|
false|TBA| |ST. JOHN'S UNIVERSITY ON-LINE|Jan 22, 2014 - May 13, 2014|15658|ACC|515|0|D|3.000|FIN'L REORTING CONCETS &ROB|20|0|0|Timothy G.  Coville (P)|
false|6:00 pm - 8:30 pm|W|MURRAY HALL 315|Jan 22, 2014 - May 13, 2014|13550|ACC|601|0|M|3.000|FIN STATEMENT ANALYSIS II|11|0|0|Joseph C.  Macina (P)|
false|TBA| |ST. JOHN'S UNIVERSITY ON-LINE|Jan 22, 2014 - May 13, 2014|13052|ACC|605|0|D|3.000|INTERN IN ASSURANCE & ADV SERV|0|0|0|Irene N.  McCarthy (P)|
false|TBA| |ST. JOHN'S UNIVERSITY ON-LINE|Jan 22, 2014 - May 13, 2014|16386|ACC|605|0|D|3.000|INTERN IN ASSURANCE & ADV SERV|0|0|0|Joseph E  Trainor (P)|
false|7:10 pm - 9:40 pm|T|ST. JOHN HALL 206|Jan 22, 2014 - May 13, 2014|12247|ACC|620|0|Q|3.000|COST ADMINISTRATION|22|0|0|Vincent J.  Shea II (P)|
false|7:10 pm - 9:40 pm|W|ST. JOHN HALL 209|Jan 22, 2014 - May 13, 2014|15452|ACC|621|0|Q|3.000|CONTROLLERSHI|27|0|0|Michael D.  Porcelain (P)|
false|7:10 pm - 9:40 pm|W|ST. JOHN HALL 206|Jan 22, 2014 - May 13, 2014|11416|ACC|622|0|Q|3.000|ADVANCED MANAGEMENT ACCOUNTING|1|0|0|Yeong C.  Choi (P)|
false|3:00 pm - 5:30 pm|T|MURRAY HALL 215|Jan 22, 2014 - May 13, 2014|13427|ACC|622|0|M|3.000|ADVANCED MANAGEMENT ACCOUNTING|0|0|0|Ibrahim H.  Elifoglu (P)|
false|TBA| |ST. JOHN'S UNIVERSITY ON-LINE|Jan 22, 2014 - May 13, 2014|14127|ACC|622|0|D|3.000|ADVANCED MANAGEMENT ACCOUNTING|0|0|0|Craig A.  Latshaw (P)|
false|7:10 pm - 9:40 pm|T|LAVELLE HALL 210|Jan 22, 2014 - May 13, 2014|14832|ACC|622|0|S|3.000|ADVANCED MANAGEMENT ACCOUNTING|22|0|0|Craig A.  Latshaw (P)|
false|10:40 am - 1:10 pm|W|ST. JOHN HALL 206|Jan 22, 2014 - May 13, 2014|11417|ACC|623|0|Q|3.000|AUDITING ROBLEMS|0|0|0|David Y.  Chan (P)|
false|TBA| |ST. JOHN'S UNIVERSITY ON-LINE|Jan 22, 2014 - May 13, 2014|14128|ACC|623|0|D|3.000|AUDITING ROBLEMS|2|0|0|Joseph E  Trainor (P)|
false|12:15 pm - 2:45 pm|W|LAVELLE HALL 104|Jan 22, 2014 - May 13, 2014|14813|ACC|623|0|S|3.000|AUDITING ROBLEMS|33|0|0|Adrian P.  Fitzsimons (P)|
false|7:10 pm - 9:40 pm|R|ST. JOHN HALL 113|Jan 22, 2014 - May 13, 2014|11418|ACC|624|0|Q|3.000|INFORMATION TECH AUDITING|0|0|0|Ibrahim H.  Elifoglu (P)|
false|TBA| |ST. JOHN'S UNIVERSITY ON-LINE|Jan 22, 2014 - May 13, 2014|14126|ACC|624|0|D|3.000|INFORMATION TECH AUDITING|0|0|0|Ibrahim H.  Elifoglu (P)|
false|7:10 pm - 9:40 pm|M|LAVELLE HALL 201|Jan 22, 2014 - May 13, 2014|11939|ACC|625|0|S|3.000|ACC, ETHICS, & ROFESSIONALISM|24|0|0|John J.  Lynch (P)|
false|8:30 am - 11:00 am|S|MARILLAC HALL 122|Jan 22, 2014 - May 13, 2014|12242|ACC|625|0|Q|3.000|ACC, ETHICS, & ROFESSIONALISM|24|0|0|John J.  Lynch (P)|
false|2:00 pm - 4:30 pm|M|MURRAY HALL 208|Jan 22, 2014 - May 13, 2014|15428|ACC|625|0|M|3.000|ACC, ETHICS, & ROFESSIONALISM|19|0|0|Edward F.  Smith (P)|
false|7:10 pm - 9:40 pm|W|ST. JOHN HALL 212|Jan 22, 2014 - May 13, 2014|15400|ACC|628|0|Q|3.000|INTERNAL AUDIT|18|0|0|David Y.  Chan (P)|
false|12:00 pm - 2:30 pm|R|MURRAY HALL 219|Jan 22, 2014 - May 13, 2014|16354|ACC|628|0|M|3.000|INTERNAL AUDIT|25|0|0|David Y.  Chan (P)|
false|2:00 pm - 5:30 pm|M|MURRAY HALL 215|Jan 22, 2014 - May 13, 2014|11702|ACC|630|0|M|3.000|FIN REORTING: SEC TOICS|13|0|0|Timothy G.  Coville (P)|
false|7:10 pm - 10:40 pm|M|ST. JOHN HALL 213|Jan 22, 2014 - May 13, 2014|15514|ACC|630|0|Q|3.000|FIN REORTING: SEC TOICS|9|0|0|Timothy G.  Coville (P)|
false|TBA| |ST. JOHN'S UNIVERSITY ON-LINE|Jan 22, 2014 - May 13, 2014|16292|ACC|630|0|D|3.000|FIN REORTING: SEC TOICS|14|0|0|Nina T.  Dorata (P)|
false|5:00 pm - 6:15 pm|MR|ST. JOHN HALL 206|Jan 22, 2014 - May 13, 2014|11419|ACC|632|0|Q|3.000|CRITIQUE OF ACCOUNTING THEORY|0|0|0|Sylwia   Gornik-Tomaszewski (P)|
false|7:10 pm - 9:40 pm|R|ST. JOHN HALL 307|Jan 22, 2014 - May 13, 2014|11420|ACC|632|0|Q|3.000|CRITIQUE OF ACCOUNTING THEORY|0|0|0|Sylwia   Gornik-Tomaszewski (P)|
false|6:00 pm - 8:30 pm|W|MURRAY HALL 214|Jan 22, 2014 - May 13, 2014|13433|ACC|632|0|M|3.000|CRITIQUE OF ACCOUNTING THEORY|18|0|0|John J.  Lynch (P)|
false|3:25 pm - 4:40 pm|MR|D'ANGELO CENTER 207|Jan 22, 2014 - May 13, 2014|13648|ACC|632|0|Q|3.000|CRITIQUE OF ACCOUNTING THEORY|0|0|0|Sylwia   Gornik-Tomaszewski (P)|
false|TBA| |ST. JOHN'S UNIVERSITY ON-LINE|Jan 22, 2014 - May 13, 2014|14612|ACC|632|0|D|3.000|CRITIQUE OF ACCOUNTING THEORY|0|0|0|Irene N.  McCarthy (P)|
false|1:50 pm - 3:05 pm|TF|ST. JOHN HALL 209|Jan 22, 2014 - May 13, 2014|13020|ACC|638|0|Q|3.000|BUS ENTITIES & COMBINATIONS|1|0|0|Jialin   Sun (P)|
false|TBA~10:40 am - 1:10 pm~10:40 am - 1:10 pm| ~W~W|ST. JOHN'S UNIVERSITY ON-LINE~ST. JOHN HALL 112~ST. JOHN HALL 112|Jan 22, 2014 - May 13, 2014~Mar 26, 2014 - Apr 16, 2014~Apr 30, 2014 - Apr 30, 2014|14130|ACC|638|0|Q|3.000|BUS ENTITIES & COMBINATIONS|0|0|0|Joseph E  Trainor (P)|
false|TBA~10:40 am - 1:10 pm~10:40 am - 1:10 pm| ~W~W|ST. JOHN'S UNIVERSITY ON-LINE~ST. JOHN HALL 215~ST. JOHN HALL 215|Jan 22, 2014 - May 13, 2014~Mar 26, 2014 - Apr 16, 2014~Apr 30, 2014 - Apr 30, 2014|14734|ACC|638|0|Q|3.000|BUS ENTITIES & COMBINATIONS|-12|0|0|Joseph E  Trainor (P)|
false|9:05 am - 10:20 am|TF|MARILLAC HALL 139|Jan 22, 2014 - May 13, 2014|11422|ACC|639|0|Q|3.000|GOVERNMENT & NON-ROFIT|0|0|0|Benjamin Rue  Silliman (P)|
false|9:00 am - 11:30 am|W|LAVELLE HALL 104|Jan 22, 2014 - May 13, 2014|11465|ACC|639|0|S|3.000|GOVERNMENT & NON-ROFIT|33|0|0|Adrian P.  Fitzsimons (P)|
false|6:00 pm - 8:30 pm|M|MURRAY HALL 319|Jan 22, 2014 - May 13, 2014|11495|ACC|639|0|M|3.000|GOVERNMENT & NON-ROFIT|9|0|0|Benjamin Rue  Silliman (P)|
false|7:10 pm - 9:40 pm|R|ST. JOHN HALL 308|Jan 22, 2014 - May 13, 2014|16385|ACC|640|0|Q|3.000|SEC  RACTICE|22|0|0|Herbert M.  Chain (P)|
false|7:10 pm - 9:40 pm|M|ST. JOHN HALL 314|Jan 22, 2014 - May 13, 2014|12023|ACC|642|0|Q|3.000|ACC INFO:CONTROLS & ASSESSMENT|25|0|0|Chris   Wardak (P)|
false|3:30 pm - 6:00 pm|W|ST. JOHN HALL 113|Jan 22, 2014 - May 13, 2014|15444|ACC|643|0|Q|3.000|ACC INFO: SECURITY&FORENSICS|6|0|0|Jay   Ranade (P)|
false|TBA| |ST. JOHN'S UNIVERSITY ON-LINE|Jan 22, 2014 - May 13, 2014|12660|ACC|646|0|D|3.000|ANALYSIS FOREIGN FIN'L STATEME|2|0|0|Sylwia   Gornik-Tomaszewski (P)|
false|7:10 pm - 9:40 pm|R|ST. JOHN HALL 206|Jan 22, 2014 - May 13, 2014|16291|ACC|660|0|Q|3.000|FRAUD EXAMINATION I|24|0|0|John J.  Lynch (P)|
false|TBA| |TBA|Jan 22, 2014 - May 13, 2014|10161|ACC|925|0|Q|0.000|MAINTAINING MATRICULATION|29|0|0|TBA|
false|TBA| |TBA|Jan 22, 2014 - May 13, 2014|10198|ACC|925|0|S|0.000|MAINTAINING MATRICULATION|10|0|0|TBA|
false|TBA| |TBA|May 20, 2014 - May 27, 2014|16290|ACC|ROME|R1|A|0.000|ACCOUNTING: ROME/FLORENCE|0|0|0|Joseph E  Trainor (P)|
false|||||12495|ACTV|1000|-|Q|1.000~4.000|ABI LAW REVIEW|0|0|0|TBA|TBA|
false|TBA| |TBA|Jan 06, 2014 - May 13, 2014|12496|ACTV|1030|-|Q|1.000~4.000|JOURNAL CIVIL RIGHTS &ECON DEV|0|0|0|TBA|
false|||||12497|ACTV|1040|-|Q|1.000~4.000|LAW REVIEW/CATHOLIC LAWYER|0|0|0|TBA|TBA|
false|||||12498|ACTV|1050|-|Q|1.000~4.000|MOOT COURT|0|0|0|TBA|TBA|
false|TBA| |LAW SCHOOL |Jan 06, 2014 - May 13, 2014|12499|ACTV|1060|-|Q|1.000~4.000|NY INTERNATIONAL LAW REVIEW|0|0|0|TBA|
false|||||12500|ACTV|1070|-|Q|1.000~4.000|F.S. OLESTINO TRIAL ADV. INST|0|0|0|TBA|TBA|
false|||||12786|ACTV|1080|-|Q|1.000~4.000|DISUTE RESOLUTION SOCIETY|0|0|0|TBA|TBA|
false|10:40 am - 12:05 pm|MR|D'ANGELO CENTER 310|Jan 22, 2014 - May 13, 2014|12053|ACT|3322|0|Q|3.000|ACTUARIAL SCIENCE II|12|0|0|Albert J.  Beer (P)|
false|10:40 am - 12:05 pm|MR|DASILVA  ACADEMIC CENTER 208|Jan 22, 2014 - May 13, 2014|15771|ACT|3322|0|S|3.000|ACTUARIAL SCIENCE II|-2|0|0|TBA|
false|9:05 am - 10:30 am|MR|D'ANGELO CENTER 310|Jan 22, 2014 - May 13, 2014|12052|ACT|3333|0|Q|3.000|ACTUARIAL SCIENCE III|12|0|0|Albert J.  Beer (P)|
false|9:05 am - 10:30 am|MR|DASILVA  ACADEMIC CENTER 208|Jan 22, 2014 - May 13, 2014|15770|ACT|3333|0|S|3.000|ACTUARIAL SCIENCE III|-2|0|0|TBA|
false|9:05 am - 10:30 am|TF|MURRAY HALL 219|Jan 22, 2014 - May 13, 2014|11217|ACT|3335|0|M|3.000|ACTUARIAL SCIENCE V|20|0|0|Srinivasa   Ramanujam (P)|
false|10:40 am - 12:05 pm|TF|MURRAY HALL 219|Jan 22, 2014 - May 13, 2014|11218|ACT|4348|0|M|3.000|ACTUARIAL SCIENCE VIII|22|0|0|Srinivasa   Ramanujam (P)|
false|1:50 pm - 3:15 pm|TF|MURRAY HALL 219|Jan 22, 2014 - May 13, 2014|11219|ACT|4349|0|M|3.000|ACTUARIAL SCIENCE IX|22|0|0|Ping   Wang (P)|
false|2:00 pm - 3:25 pm~1:20 pm - 2:45 pm|M~W|LAW SCHOOL 1-13~LAW SCHOOL 1-13|Jan 06, 2014 - May 13, 2014~Jan 06, 2014 - May 13, 2014|12364|ADGV|1000|801|Q|3.000|ADMINISTRATIVE LAW|90|0|30|Anita S.  Krishnakumar Tucker (P)|
false|6:25 pm - 8:25 pm|M|LAW SCHOOL 2-25|Jan 06, 2014 - May 13, 2014|15528|ADGV|1030|0|Q|2.000|LOCAL GOVERNMENT LAW|20|0|10|Scott   Mandel (P)|
false|11:10 am - 12:35 pm|MW|LAW SCHOOL 2-22|Jan 06, 2014 - May 13, 2014|13149|ADGV|1060|801|Q|3.000|LEGISLATION STATUTORY INTERET|20|0|10|Anita S.  Krishnakumar Tucker (P)|
false|TBA| |TBA|Jan 22, 2014 - May 13, 2014|12221|ADS|3000|0|Q|3.000|ADMIN STUDIES INTERNSHI|0|0|0|Louis   Gesualdi (P)|
false|9:05 am - 10:30 am|MR|D'ANGELO CENTER 309|Jan 22, 2014 - May 13, 2014|11866|ADV|2100|0|Q|3.000|INTRO TO ADVERTISING COMM|0|0|0|John A.  Swan (P)|
false|7:10 pm - 10:00 pm|M|BENT HALL 101A|Jan 22, 2014 - May 13, 2014|11867|ADV|2100|0|Q|3.000|INTRO TO ADVERTISING COMM|27|0|0|Lewis S.  Goldman (P)|
false|1:50 pm - 3:15 pm|TF|DASILVA  ACADEMIC CENTER 108B|Jan 22, 2014 - May 13, 2014|11835|ADV|2301|0|S|3.000|ADVERTISING COYWRITNG I|14|0|0|Brian A  Morris (P)|
false|7:30 am - 8:55 am|MR|MARILLAC HALL 330|Jan 22, 2014 - May 13, 2014|11859|ADV|2301|0|Q|3.000|ADVERTISING COYWRITNG I|24|0|0|John A.  Swan (P)|
false|9:05 am - 10:30 am|MR|MARILLAC HALL 111A|Jan 22, 2014 - May 13, 2014|11860|ADV|2301|0|Q|3.000|ADVERTISING COYWRITNG I|12|0|0|George R.  Newall (P)|
false|10:40 am - 12:05 pm|MR|MARILLAC HALL 139|Jan 22, 2014 - May 13, 2014|16542|ADV|2400|0|Q|3.000|CREATIVE STRATEGY/CONSUMER RES|5|0|0|Kara S.  Alaimo (P)|
false|12:15 pm - 1:40 pm|MR|BENT HALL 449A|Jan 22, 2014 - May 13, 2014|15392|ADV|3200|0|Q|3.000|ADVERTISING RODUCTION|3|0|0|John   DiMarco (P)|
false|10:40 am - 12:05 pm|MR|MARILLAC HALL 334A|Jan 22, 2014 - May 13, 2014|11861|ADV|3301|0|Q|3.000|ADVERTISING COYWRITING II|15|0|0|George R.  Newall (P)|
false|3:25 pm - 4:50 pm|TF|DASILVA  ACADEMIC CENTER 209|Jan 22, 2014 - May 13, 2014|11834|ADV|3400|0|S|3.000|INTEGRATED ADV COMM|22|0|0|Brian A  Morris (P)|
false|3:25 pm - 4:50 pm|MR|MARILLAC HALL 101|Jan 22, 2014 - May 13, 2014|11870|ADV|3400|0|Q|3.000|INTEGRATED ADV COMM|25|0|0|Nicholas   Plakoris (P)|
false|6:30 pm - 9:25 pm|R|MARILLAC HALL 118|Jan 22, 2014 - May 13, 2014|11871|ADV|3400|0|Q|3.000|INTEGRATED ADV COMM|20|0|0|Nicholas   Plakoris (P)|
false|7:30 am - 8:55 am|MR|MARILLAC HALL 216|Jan 22, 2014 - May 13, 2014|11869|ADV|3401|0|Q|3.000|ADVERTISING MEDIA LANNING|19|0|0|Steven A.  Jarmon (P)|
false|12:15 pm - 1:40 pm|MR|SULLIVAN HALL 306|Jan 22, 2014 - May 13, 2014|12810|ADV|4402|0|Q|3.000|MODERN ADV ACCOUNT MGT|20|0|0|John A.  Swan (P)|
false|3:15 pm - 6:05 pm|M|BENT HALL 449A|Jan 22, 2014 - May 13, 2014|12126|ADV|4600|0|Q|3.000|ADVERTISING ORTFOLIO|2|0|0|John   DiMarco (P)|
false|10:40 am - 1:30 pm|W|MARILLAC HALL 316|Jan 22, 2014 - May 13, 2014|14160|ADV|4601|0|Q|3.000|SEMINAR IN ADV COMM|0|0|0|Steven A.  Jarmon (P)|
false|TBA| |TBA|Jan 22, 2014 - May 13, 2014|12127|ADV|5001|0|Q|3.000|ADVERTISING INTERNSHI|0|0|0|John A.  Swan (P)|
false|TBA| |TBA|Jan 22, 2014 - May 13, 2014|12128|ADV|5002|0|Q|3.000|ADVERTISING INTERNSHI|0|0|0|John A.  Swan (P)|
false|TBA| |TBA|Jan 22, 2014 - May 13, 2014|12129|ADV|5003|0|Q|3.000|ADVERTISING INTERNSHI|0|0|0|John A.  Swan (P)|
false|TBA| |TBA|Jan 22, 2014 - May 13, 2014|11821|ADV|5004|0|S|3.000|ADVERTISING INTERNSHI|0|0|0|Deborah E.  Greh (P)|
false|TBA| |TBA|Jan 22, 2014 - May 13, 2014|11884|ADV|5004|0|Q|3.000|ADVERTISING INTERNSHI|0|0|0|John A.  Swan (P)|
false|5:00 pm - 8:00 pm|T|LAW SCHOOL 2M-11|Jan 06, 2014 - May 13, 2014|12470|ALSK|1000|801|Q|3.000|RE-TRIAL ADVOCACY|20|0|10|William D.  Wall (P)|
false|6:25 pm - 9:25 pm|R|LAW SCHOOL 2M-11|Jan 06, 2014 - May 13, 2014|12469|ALSK|1000|802|Q|3.000|RE-TRIAL ADVOCACY|18|0|10|James M.  Wicks (P)|
false|8:35 pm - 10:35 pm|T|LAW SCHOOL 2-16|Jan 06, 2014 - May 13, 2014|13168|ALSK|1020|0|Q|2.000|ALTERNATIVE DISUTE RESOLUTION|48|0|20|Paul F.  Kirgis (P)|
false|9:00 am - 11:00 am|T|LAW SCHOOL 2-20|Jan 06, 2014 - May 13, 2014|13150|ALSK|1040|801|Q|2.000|LEGAL RESEARCH - ADVANCED|19|0|10|Martin   Cerjan (P)|
false|9:00 am - 12:00 pm|S|LAW SCHOOL 2-13|Jan 06, 2014 - May 13, 2014|12487|ALSK|1080|801|Q|3.000|TRIAL ADVOCACY - CRIMINAL|19|0|10|Michael F.  Vecchione (P)|
false|TBA| |TBA|Jan 06, 2014 - May 13, 2014|15553|ALSK|1087|0|Q|6.000|JUV DELINQ ROSEC RACTM ART1|0|0|0|Lawrence H.  Cunningham (P)|
false|TBA| |TBA|Jan 06, 2014 - May 13, 2014|15554|ALSK|1088|0|Q|2.000|JUV DELINQ ROSEC RACTM ART2|0|0|0|Lawrence H.  Cunningham (P)|
false|TBA| |TBA|Jan 06, 2014 - May 13, 2014|15555|ALSK|1089|0|Q|2.000|JUV DEL ROSE RACTM RAC WRTG|0|0|0|Lawrence H.  Cunningham (P)|
false|4:00 pm - 6:00 pm|T|LAW SCHOOL 2-26|Jan 06, 2014 - May 13, 2014|12438|ALSK|2010|801|Q|4.000|CONSUMR JUSTICE ELDER LIT CL|0|0|0|Ann L.  Goldweber (P), Gina M.  Calabrese |
false|TBA| |TBA|Jan 06, 2014 - May 13, 2014|14745|ALSK|2015|0|Q|2.000|EXTERNSHI LACEMENT|0|0|0|TBA|
false|3:30 pm - 5:30 pm|W|LAW SCHOOL 2-20|Jan 06, 2014 - May 13, 2014|15714|ALSK|2025|0|Q|2.000|EXTERNSHI SEMINAR|20|0|10|Kimathi   Gordon-Somers (P)|
false|6:25 pm - 8:25 pm|T|LAW SCHOOL 2-22|Jan 06, 2014 - May 13, 2014|14746|ALSK|2025|1|Q|2.000|EXTERNSHI SEMINAR|20|0|10|James A.  Conlon (P)|
false|6:25 pm - 8:25 pm|W|LAW SCHOOL 2-21|Jan 06, 2014 - May 13, 2014|14747|ALSK|2025|2|Q|2.000|EXTERNSHI SEMINAR|20|0|10|Sejal   Singh (P)|
false|6:25 pm - 8:25 pm|T|LAW SCHOOL 2-25|Jan 06, 2014 - May 13, 2014|15655|ALSK|2035|0|Q|1.000|EXTERNSHI SEMINAR - ADVANCED|19|0|10|Daniel   Chu (P)|
false|6:25 pm - 8:25 pm|W|LAW SCHOOL 2-25|Jan 06, 2014 - May 13, 2014|16500|ALSK|2035|0|Q|1.000|EXTERNSHI SEMINAR - ADVANCED|20|0|10|TBA|
false|10:00 am - 1:00 pm|F|LAW SCHOOL 2-25|Jan 06, 2014 - May 13, 2014|13605|ALSK|2050|0|Q|3.000|DRAFTING: LIT DOCS & CONTRACT|16|0|10|Robin A.  Boyle Laisure (P)|
false|11:10 am - 12:35 pm|MW|LAW SCHOOL 2-21|Jan 06, 2014 - May 13, 2014|13793|ALSK|2050|0|Q|3.000|DRAFTING: LIT DOCS & CONTRACT|16|0|10|Nicholas R.  Weiskopf (P)|
false|11:10 am - 1:10 pm~11:10 am - 1:10 pm~11:10 am - 1:10 pm~11:10 am - 1:10 pm~11:10 am - 1:10 pm|MW~M~W~W~W|LAW SCHOOL 3-07~LAW SCHOOL 2-13~LAW SCHOOL 2-13~LAW SCHOOL 2-13~LAW SCHOOL 2-13|Jan 06, 2014 - May 13, 2014~Jan 06, 2014 - May 13, 2014~Jan 08, 2014 - Jan 15, 2014~Jan 29, 2014 - Feb 12, 2014~Feb 26, 2014 - May 13, 2014|15785|ALSK|2065|0|Q|3.000|TRIAL ADVOCACY|20|0|10|Kimathi   Gordon-Somers (P)|
false|6:25 pm - 9:25 pm~6:25 pm - 9:25 pm~6:25 pm - 9:25 pm~6:25 pm - 9:25 pm|R~R~R~R|LAW SCHOOL 3-07~LAW SCHOOL 2-13~LAW SCHOOL 2-13~LAW SCHOOL 2-13|Jan 06, 2014 - May 13, 2014~Jan 09, 2014 - Jan 16, 2014~Jan 30, 2014 - Feb 13, 2014~Feb 27, 2014 - May 13, 2014|15786|ALSK|2065|P|Q|3.000|TRIAL ADVOCACY|11|0|10|Debra Lynn   Pomodore (P)|
false|5:10 pm - 7:10 pm~5:10 pm - 7:10 pm~5:10 pm - 7:10 pm~5:10 pm - 7:10 pm|W~W~W~W|LAW SCHOOL 3-07~LAW SCHOOL 2-13~LAW SCHOOL 2-13~LAW SCHOOL 2-13|Jan 06, 2014 - May 13, 2014~Jan 08, 2014 - Jan 15, 2014~Jan 29, 2014 - Feb 12, 2014~Feb 26, 2014 - Apr 25, 2014|12504|ALSK|2080|801|Q|4.000|ROSECUTION CLINIC - ART II|0|0|0|Scott E.  Kessler (P), Joseph   McCormack |
false|4:20 pm - 6:20 pm|T|LAW SCHOOL 2-21|Jan 06, 2014 - May 13, 2014|12434|ALSK|4030|801|Q|4.000|DOM VIOL LIT CLINIC- ARTII|0|0|0|Kim   Susser (P), Lisa   Rivera |
false|4:10 pm - 6:10 pm|T|LAW SCHOOL 3-44|Jan 06, 2014 - May 13, 2014|12475|ALSK|5020|801|Q|4.000|REFUGEE IMMIG RTS LIT CLIN-T2|0|0|0|Mark R.  von Sternberg (P), Charles M.  Russell |
false|4:10 pm - 6:10 pm|M|LAW SCHOOL 2-26|Jan 06, 2014 - May 13, 2014|12478|ALSK|5050|801|Q|4.000|SECURITIES ARBITRATION CLINIC|0|0|0|Christine   Lazaro (P), Francis J.  Facciolo |
false|1:20 pm - 3:20 pm|W|LAW SCHOOL 2-26|Jan 06, 2014 - May 13, 2014|12411|ALSK|5090|801|Q|4.000|CHILD ADVOCACY CLINIC|0|0|0|Jennifer   Baum (P)|
false|1:20 pm - 3:20 pm|W|LAW SCHOOL 2-22|Jan 06, 2014 - May 13, 2014|16222|ALSK|6040|0|Q|2.000|STREET LAW SEMINAR|0|0|0|Patricia M.  Montana (P)|
false|TBA| |TBA|Jan 06, 2014 - May 13, 2014|16221|ALSK|6050|0|Q|1.000|STREETLAW:LEGAL ED IN COMMUNTY|0|0|0|Patricia M.  Montana (P)|
false|4:00 pm - 6:00 pm|T|LAW SCHOOL 2-01C|Jan 06, 2014 - May 13, 2014|12957|ALSK|6060|801|Q|2.000|MEDIATION:RERESENTING CLIENTS|15|0|10|Elayne E.  Greenberg (P)|
false|8:35 pm - 10:35 pm|M|LAW SCHOOL 2M-08|Jan 06, 2014 - May 13, 2014|14714|ALSK|6070|0|Q|2.000|INT'L COMMERCIAL ARBITRATION|37|0|10|Nancy   Thevenin (P)|
false|6:25 pm - 8:25 pm|T|LAW SCHOOL 2-01C|Jan 06, 2014 - May 13, 2014|14712|ALSK|7020|0|Q|2.000|INTERVIEWING AND COUNSELING|17|0|10|Dianne O.  Woodburn (P), Kiera   LoBreglio |
false|11:10 am - 1:10 pm|T|LAW SCHOOL 2-25|Jan 06, 2014 - May 13, 2014|12985|ALSK|7080|801|Q|2.000|FACT-WRITNG & ERSUAS LEGL DOC|19|0|10|Elyse   Pepper (P)|
false|11:10 am - 1:10 pm|R|LAW SCHOOL 3-44|Jan 06, 2014 - May 13, 2014|12435|ALSK|8000|801|Q|2.000|DRAFTING: CONTRACTS|14|0|10|TBA|
false|8:35 pm - 10:35 pm|W|LAW SCHOOL 2-20|Jan 06, 2014 - May 13, 2014|13205|ALSK|8030|801|Q|2.000|DRAFTING: FEDERAL CRIM RAC|18|0|10|Joseph F.  Bianco (P)|
false|4:00 pm - 6:00 pm|W|LAW SCHOOL 2-26|Jan 06, 2014 - May 13, 2014|12540|ALSK|8040|801|Q|4.000|BREAD & LIFE IMMIGR CLINIC II|0|0|0|Sharone S.  Kaufman (P)|
false|5:30 pm - 7:30 pm~5:30 pm - 7:30 pm~5:30 pm - 7:30 pm|T~T~T|LAW SCHOOL 3-07~LAW SCHOOL 2-13~LAW SCHOOL 2-13|Jan 06, 2014 - May 13, 2014~Jan 07, 2014 - Jan 14, 2014~Jan 28, 2014 - Apr 25, 2014|13135|ALSK|8080|801|Q|4.000|CRIMINAL DEFENSE CLINIC T II|0|0|0|Charles S.  Bobis (P), Robert William  Moeller , Laura   Saft |
false|6:00 pm - 8:00 pm|R|LAW SCHOOL 2-26|Jan 06, 2014 - May 13, 2014|13718|ALSK|9000|0|Q|4.000|BANKRUTCY ADVOC. CLINIC-TII|0|0|0|William Z.  Kransdorf (P)|
false|3:00 pm - 5:00 pm|M|LAW SCHOOL 2M-11|Jan 06, 2014 - May 13, 2014|13719|ALSK|9020|0|Q|4.000|ECONOMIC JUSTICE CLINIC-T II|0|0|0|Christopher   Portelli (P)|
false|4:10 pm - 6:10 pm|M|LAW SCHOOL 2-20|Jan 06, 2014 - May 13, 2014|13820|ALSK|9050|0|Q|2.000|DRAFTING: ADR DOCUMENTS|20|0|10|Peter J.  Bernbaum (P)|
false|TBA| |TBA|Jan 06, 2014 - May 13, 2014|14623|ALSK|9080|0|Q|2.000|ADVANCED CLINIC RACTICE|0|0|0|TBA|
false|4:00 pm - 5:45 pm|W|ST. ALBERT HALL B75|Jan 22, 2014 - May 13, 2014|10423|ALH|1201|0|Q|2.000|INTRODUCTION TO HEALTH CARE|60|0|0|TBA|
false|1:30 pm - 3:25 pm|W|MARILLAC HALL 315|Jan 22, 2014 - May 13, 2014|10672|ALH|1201|0|Q|2.000|INTRODUCTION TO HEALTH CARE|59|0|0|TBA|
false|3:25 pm - 5:15 pm|T|ST. ALBERT HALL B70|Jan 22, 2014 - May 13, 2014|16412|ALH|1201|0|Q|2.000|INTRODUCTION TO HEALTH CARE|60|0|0|TBA|
false|8:00 am - 9:55 am|W|MARILLAC HALL 224A|Jan 22, 2014 - May 13, 2014|10054|ALH|2101|0|Q|2.000|INTRO TO MEDICAL TECHNOLOGY|11|0|0|TBA|
false|8:00 am - 5:00 pm|MTWRF|BARTILUCCI CENTER |Jan 22, 2014 - May 13, 2014|12083|ALH|3206|0|Q|4.000|CLINICAL MEDICINE 3|27|0|0|TBA|
false|8:00 am - 5:00 pm|MTWRF|BARTILUCCI CENTER |Jan 22, 2014 - May 13, 2014|12084|ALH|3207|0|Q|4.000|CLINICAL MEDICINE 4|27|0|0|TBA|
false|8:00 am - 5:00 pm|MTWRF|BARTILUCCI CENTER |Jan 22, 2014 - May 13, 2014|12085|ALH|3208|0|Q|1.000|CASE-ENHANCED FOCUSED HHD|27|0|0|TBA|
false|8:00 am - 5:00 pm|MTWRF|BARTILUCCI CENTER |Jan 22, 2014 - May 13, 2014|12086|ALH|3209|0|Q|2.000|EMERGENCY MEDICINE|27|0|0|TBA|
false|8:00 am - 5:00 pm|MTWRF|BARTILUCCI CENTER |Jan 22, 2014 - May 13, 2014|12087|ALH|3210|0|Q|2.000|GERIATRIC & EDIATRIC MEDICINE|27|0|0|TBA|
false|8:00 am - 5:00 pm|MTWRF|BARTILUCCI CENTER |Jan 22, 2014 - May 13, 2014|12088|ALH|3211|0|Q|2.000|GENERAL SURGERY|27|0|0|TBA|
false|1:30 pm - 3:00 pm|M|BARTILUCCI CENTER |Jan 22, 2014 - May 13, 2014|13000|ALH|4161|0|Q|3.000|CLINICAL BACTERIOLOGY II|8|0|0|TBA|
false|9:00 am - 10:00 am|M|BARTILUCCI CENTER |Jan 22, 2014 - May 13, 2014|13001|ALH|4162|0|Q|1.000|CLINICAL IMMUNOLOGY II|8|0|0|TBA|
false|2:30 pm - 4:00 pm|T|BARTILUCCI CENTER |Jan 22, 2014 - May 13, 2014|13002|ALH|4163|0|Q|2.000|CLINICAL IMMUNOHEMATOLOGY II|8|0|0|TBA|
false|3:00 pm - 4:30 pm|M|BARTILUCCI CENTER |Jan 22, 2014 - May 13, 2014|13003|ALH|4164|0|Q|2.000|CLINICAL HEMATOLOGY II|8|0|0|TBA|
false|11:00 am - 1:00 pm|M|BARTILUCCI CENTER |Jan 22, 2014 - May 13, 2014|13004|ALH|4165|0|Q|4.000|A,ANALY,LAB RAC CLIN CHE II|8|0|0|TBA|
false|8:00 am - 9:30 am|T|BARTILUCCI CENTER |Jan 22, 2014 - May 13, 2014|13005|ALH|4166|0|Q|2.000|URINALYSIS & BODY FLUIDS II|8|0|0|TBA|
false|10:00 am - 11:29 am|T|BARTILUCCI CENTER |Jan 22, 2014 - May 13, 2014|13006|ALH|4167|0|Q|2.000|MYCOLOGY & ARASITOLOGY II|8|0|0|TBA|
false|TBA| |TBA|Jan 22, 2014 - May 13, 2014|13007|ALH|4168|0|Q|1.000|CLINICAL ED,  MGT & RESEARCH|8|0|0|TBA|
false|TBA| |TBA|Jan 22, 2014 - Jun 30, 2014|12089|ALH|4201|0|Q|3.000|CLINICAL EMER MED ROTATION|80|0|0|TBA|
false|TBA| |TBA|Jan 22, 2014 - Jun 30, 2014|12090|ALH|4202|0|Q|3.000|CLIN OBSTETRICS/GYNECOLOGY RO|80|0|0|TBA|
false|TBA| |TBA|Jan 22, 2014 - Jun 30, 2014|12091|ALH|4203|0|Q|3.000|CLINICAL ORTHOEDICS ROTATION|80|0|0|TBA|
false|TBA| |TBA|Jan 22, 2014 - Jun 30, 2014|12092|ALH|4204|0|Q|3.000|CLINICAL EDIATRICS ROTATION|80|0|0|TBA|
false|TBA| |TBA|Jan 22, 2014 - Jun 30, 2014|12093|ALH|4205|0|Q|3.000|CLINICAL RIMARY CARE 1 ROTATI|80|0|0|TBA|
false|TBA| |TBA|Jan 22, 2014 - Jun 30, 2014|12094|ALH|4206|0|Q|3.000|CLINICAL ELECTIVE ROTATION|80|0|0|TBA|
false|TBA| |TBA|Jan 22, 2014 - Jun 30, 2014|12095|ALH|4207|0|Q|3.000|CLINICAL SURGICAL ROTATION|80|0|0|TBA|
false|TBA| |TBA|Jan 22, 2014 - Jun 30, 2014|12096|ALH|4208|0|Q|3.000|CLINICAL GERIATRICS ROTATION|80|0|0|TBA|
false|TBA| |TBA|Jan 22, 2014 - Jun 30, 2014|12097|ALH|4209|0|Q|3.000|CLINICAL RIMARY CARE 2 ROTATI|80|0|0|TBA|
false|TBA| |TBA|Jan 22, 2014 - Jun 30, 2014|12098|ALH|4210|0|Q|3.000|CLINICAL INTERNAL MED ROTATION|80|0|0|TBA|
false|8:00 am - 5:00 pm|MTWRF|BARTILUCCI CENTER |Jan 22, 2014 - Jun 30, 2014|12099|ALH|4211|0|Q|0.000|SENIOR COMETENCIES COMONENT|55|0|0|TBA|
false|TBA| |TBA|Jan 22, 2014 - May 13, 2014|14621|AADA|4001|0|O|0.000|AADA SEMESTER I|0|0|0|Richard R.  Thomas (P)|
false|TBA| |TBA|Jan 22, 2014 - May 13, 2014|14723|AADA|4002|0|O|0.000|AADA SEMESTER II|-2|0|0|Richard R.  Thomas (P)|
false|TBA| |TBA|Jan 22, 2014 - May 13, 2014|14724|AADA|4003|0|O|0.000|AADA SEMESTER III|0|0|0|Richard R.  Thomas (P)|
false|TBA| |TBA|Jan 22, 2014 - May 13, 2014|14725|AADA|4004|0|O|0.000|AADA SEMESTER IV|0|0|0|Richard R.  Thomas (P)|
false|9:05 am - 10:30 am|TF|TBA|Jan 22, 2014 - May 13, 2014|14497|GRA|1020C|0|O|3.000|ELEMENTARY ANCIENT GREEK II|0|0|0|TBA|
false|9:05 am - 10:30 am|TF|ST. AUGUSTINE HALL COMM|Jan 22, 2014 - May 13, 2014|16142|GRA|1020C|0|Q|3.000|ELEMENTARY ANCIENT GREEK II|12|0|0|TBA|
false|TBA| |TBA|Jan 22, 2014 - May 13, 2014|16141|GRA|4953|0|Q|3.000|INDEENDENT STUDY|0|0|0|TBA|
false|10:40 am - 12:05 pm|MR|MARILLAC HALL 308|Jan 22, 2014 - May 13, 2014|15267|ANT|1010C|0|Q|3.000|CORE:INTRO TO ANTHRO:CULTURAL|8|0|0|TBA|
false|10:00 am - 11:20 am|MW|LEONIANO 101S|Jan 20, 2014 - May 08, 2014|11918|ANT|1010C|R1|A|3.000|CORE: INTRO TO ANTHROOLOGY|20|0|0|TBA|
false|10:40 am - 12:05 pm|MR|SULLIVAN HALL 306|Jan 22, 2014 - May 13, 2014|16134|ANT|1120C|0|Q|3.000|HUMAN ECOLOGY|12|0|0|Barrett P.  Brenton (P)|
false|1:50 pm - 3:15 pm|TF|MARILLAC HALL 324|Jan 22, 2014 - May 13, 2014|14575|ANT|1155|0|Q|3.000|LANGUAGE & INTERCULTURAL COMM|3|0|0|Flora   Keshishian (P)|
false|12:15 pm - 1:40 pm|MR|MARILLAC HALL 432A|Jan 22, 2014 - May 13, 2014|15541|ANT|1155|0|Q|3.000|LANGUAGE & INTERCULTURAL COMM|3|0|0|Sanae   Elmoudden (P)|
false|10:40 am - 12:05 pm|TF|MARILLAC HALL 306|Jan 22, 2014 - May 13, 2014|15994|ANT|2445|0|Q|3.000|CARRIBEAN CULTURES|10|0|0|Anne   Galvin (P)|
false|7:30 am - 8:55 am|TF|MARILLAC HALL 226|Jan 22, 2014 - May 13, 2014|15987|ANT|2450|0|Q|3.000|AFRICAN CULTURES|31|0|0|Yusuf M.  Juwayeyi (P)|
false|1:50 pm - 3:15 pm|TF|MARILLAC HALL 226|Jan 22, 2014 - May 13, 2014|15993|ANT|2740|0|Q|3.000|ANTHROOLOGY OF RELIGION|3|0|0|Dejan   Trickovic (P)|
false|9:05 am - 10:30 am|MR|MARILLAC HALL 138A|Jan 22, 2014 - May 13, 2014|15265|ANT|4270|0|Q|3.000|MEASUREMENT, EVAL & RSRCH METH|24|0|0|TBA|
false|12:15 pm - 1:40 pm|TF|ST. JOHN HALL 447|Jan 22, 2014 - May 13, 2014|14474|ANT|4990|0|Q|3.000|ANTHROOLOGY SEMINAR|-4|0|0|Anne   Galvin (P)|
false|5:00 pm - 6:25 pm|MR|MARILLAC HALL 106|Jan 22, 2014 - May 13, 2014|11064|ARA|1010C|0|Q|3.000|CORE: ARABIC LEVEL I|15|0|0|TBA|
false|5:00 pm - 6:25 pm|TF|MARILLAC HALL 334A|Jan 22, 2014 - May 13, 2014|11168|ARA|1010C|0|Q|3.000|CORE: ARABIC LEVEL I|22|0|0|TBA|
false|7:10 pm - 8:35 pm|TF|MARILLAC HALL 136|Jan 22, 2014 - May 13, 2014|11221|ARA|1020C|0|Q|3.000|CORE:ARABIC LEVEL II|22|0|0|TBA|
false|7:10 pm - 8:35 pm|MR|MARILLAC HALL 306A|Jan 22, 2014 - May 13, 2014|12895|ARA|1020C|0|Q|3.000|CORE:ARABIC LEVEL II|19|0|0|TBA|
false|5:00 pm - 6:25 pm|MR|MARILLAC HALL 136|Jan 22, 2014 - May 13, 2014|14990|ARA|2030C|0|Q|3.000|ARABIC LEVEL III|22|0|0|TBA|
false|7:10 pm - 8:35 pm|MR|MARILLAC HALL 133A|Jan 22, 2014 - May 13, 2014|16534|ARA|3110|0|Q|3.000|ADVANCED ARABIC CONVERSATION|14|0|0|TBA|
false|TBA| |ST. JOHN'S UNIVERSITY ON-LINE|Jan 22, 2014 - May 13, 2014|14997|ART|1000C|0|D|3.000|THE CREATIVE ROCESS|9|0|0|Lucy   Bermingham (P)|
false|7:10 pm - 10:00 pm|T|MURRAY HALL 208|Jan 22, 2014 - May 13, 2014|16185|ART|1000C|0|M|3.000|THE CREATIVE ROCESS|25|0|0|TBA|
false|9:05 am - 10:30 am|MR|MARILLAC HALL 333|Jan 22, 2014 - May 13, 2014|10540|ART|1000C|100|Q|3.000|THE CREATIVE ROCESS|6|0|0|John T.  Legaspi (P)|
false|1:50 pm - 3:15 pm|TF|ST. JOHN HALL 312|Jan 22, 2014 - May 13, 2014|10541|ART|1000C|101|Q|3.000|THE CREATIVE ROCESS|16|0|0|James   Pavlicovic (P)|
false|9:05 am - 10:30 am|MR|ST. JOHN HALL 307|Jan 22, 2014 - May 13, 2014|11012|ART|1000C|103|Q|3.000|THE CREATIVE ROCESS|23|0|0|Jody B.  Cutler (P)|
false|3:25 pm - 4:50 pm|MR|MARILLAC HALL 306A|Jan 22, 2014 - May 13, 2014|10780|ART|1000C|106|Q|3.000|THE CREATIVE ROCESS|14|0|0|John A.  Tyson (P)|
false|3:25 pm - 4:50 pm|TF|MARILLAC HALL 306A|Jan 22, 2014 - May 13, 2014|10920|ART|1000C|108|Q|3.000|THE CREATIVE ROCESS|19|0|0|Victor Michael  Poast (P)|
false|1:50 pm - 4:40 pm|W|ST. JOHN HALL 305|Jan 22, 2014 - May 13, 2014|13694|ART|1000C|123|Q|3.000|THE CREATIVE ROCESS|23|0|0|Susan   Rosenberg (P)|
false|12:15 pm - 1:40 pm|TF|ST. JOHN HALL 312|Jan 22, 2014 - May 13, 2014|16145|ART|1000C|125|Q|3.000|THE CREATIVE ROCESS|18|0|0|Susan   Rosenberg (P)|
false|TBA| |ST. JOHN'S UNIVERSITY ON-LINE|Jan 22, 2014 - May 13, 2014|14010|ART|1000C|147|D|3.000|THE CREATIVE ROCESS|13|0|0|Liza R.  Papi (P)|
false|TBA| |ST. JOHN'S UNIVERSITY ON-LINE|Jan 22, 2014 - May 13, 2014|14011|ART|1000C|148|D|3.000|THE CREATIVE ROCESS|19|0|0|Lucy   Bermingham (P)|
false|7:30 am - 8:55 am|TF|ST. JOHN HALL 312|Jan 22, 2014 - May 13, 2014|11760|ART|1000C|151|Q|3.000|THE CREATIVE ROCESS|21|0|0|Anthony Charles  LoBalbo (P)|
false|7:10 pm - 10:00 pm|R|MARILLAC HALL 238|Jan 22, 2014 - May 13, 2014|12199|ART|1000C|153|Q|3.000|THE CREATIVE ROCESS|14|0|0|Liza R.  Papi (P)|
false|TBA| |ST. JOHN'S UNIVERSITY ON-LINE|Jan 22, 2014 - May 13, 2014|13702|ART|1000C|156|D|3.000|THE CREATIVE ROCESS|11|0|0|Louis   DiGena (P)|
false|10:40 am - 1:30 pm|W|ST. JOHN HALL 109B|Jan 22, 2014 - May 13, 2014|13223|ART|1000C|159|Q|3.000|THE CREATIVE ROCESS|18|0|0|TBA|
false|7:10 pm - 10:00 pm|M|MAHONEY HALL 105|Jan 22, 2014 - May 13, 2014|10632|ART|1000C|175|S|3.000|THE CREATIVE ROCESS|25|0|0|TBA|
false|TBA| |ST. JOHN'S UNIVERSITY ON-LINE|Jan 22, 2014 - May 13, 2014|14306|ART|1000C|189|D|3.000|THE CREATIVE ROCESS|23|0|0|Dan L.  Ault (P)|
false|9:05 am - 10:30 am|MR|ST. JOHN HALL MEZB|Jan 22, 2014 - May 13, 2014|13224|ART|1010|0|Q|3.000|CRAFTS AS VISUAL ARTS|9|0|0|Stephanie Navon  Jacobson (P)|
false|9:05 am - 10:30 am|TF|ST. JOHN HALL 310|Jan 22, 2014 - May 13, 2014|10306|ART|1030|0|Q|3.000|UNDERSTANDING ART|47|0|0|Mohammad P.  Mohsin (P)|
false|3:25 pm - 4:50 pm|MR|LAVELLE HALL 211|Jan 22, 2014 - May 13, 2014|16071|ART|1030|0|S|3.000|UNDERSTANDING ART|12|0|0|TBA|
false|1:50 pm - 3:15 pm|TF|ST. JOHN HALL MEZA|Jan 22, 2014 - May 13, 2014|10307|ART|1040|0|Q|3.000|CREATIVE EXERIMENTS|7|0|0|Judy   Cooperman (P)|
false|10:40 am - 12:05 pm|TF|ST. JOHN HALL MEZB|Jan 22, 2014 - May 13, 2014|11181|ART|1040|0|Q|3.000|CREATIVE EXERIMENTS|14|0|0|Jack J.  Sherman (P)|
false|10:40 am - 12:05 pm|TF|ST. JOHN HALL MEZA|Jan 22, 2014 - May 13, 2014|11353|ART|1040|0|Q|3.000|CREATIVE EXERIMENTS|12|0|0|Judy   Cooperman (P)|
false|3:25 pm - 4:50 pm|TF|LAVELLE HALL 211|Jan 22, 2014 - May 13, 2014|15074|ART|1040|175|S|3.000|CREATIVE EXERIMENTS|28|0|0|TBA|
false|9:05 am - 10:30 am|TF|ST. JOHN HALL MEZB|Jan 22, 2014 - May 13, 2014|10308|ART|1050|0|Q|3.000|DRAWING EXERIMENTS|14|0|0|Jack J.  Sherman (P)|
false|1:50 pm - 3:15 pm|TF|ST. JOHN HALL 405|Jan 22, 2014 - May 13, 2014|10309|ART|1050|0|Q|3.000|DRAWING EXERIMENTS|12|0|0|Victor Michael  Poast (P)|
false|12:15 pm - 1:40 pm|MR|ST. JOHN HALL 405|Jan 22, 2014 - May 13, 2014|11367|ART|1050|0|Q|3.000|DRAWING EXERIMENTS|6|0|0|Stephanie Navon  Jacobson (P)|
false|5:00 pm - 6:25 pm|TF|LAVELLE HALL 211|Jan 22, 2014 - May 13, 2014|16070|ART|1050|0|S|3.000|DRAWING EXERIMENTS|14|0|0|TBA|
false|9:05 am - 10:30 am|MR|ST. JOHN HALL 403|Jan 22, 2014 - May 13, 2014|12753|ART|1085|0|Q|3.000|INTRODUCTION TO HOTOGRAHY|0|0|0|Joyce A.  Malone (P)|
false|12:15 pm - 1:40 pm~12:15 pm - 1:40 pm|TF~TF|ST. JOHN HALL 316~ST. JOHN HALL 403|Jan 22, 2014 - May 13, 2014~Jan 22, 2014 - May 13, 2014|14541|ART|1085|0|Q|3.000|INTRODUCTION TO HOTOGRAHY|0|0|0|James   Pavlicovic (P)|
false|9:05 am - 10:30 am~TBA|R~ |ST. JOHN HALL MEZC~ST. JOHN'S UNIVERSITY ON-LINE|Jan 22, 2014 - May 13, 2014~Jan 22, 2014 - May 13, 2014|10310|ART|1090|0|Q|3.000|JEWELRY DESIGN|0|0|0|Ross W.  Barbera (P)|
false|10:40 am - 12:05 pm~TBA|R~ |ST. JOHN HALL MEZC~ST. JOHN'S UNIVERSITY ON-LINE|Jan 22, 2014 - May 13, 2014~Jan 22, 2014 - May 13, 2014|10311|ART|1090|0|Q|3.000|JEWELRY DESIGN|0|0|0|Ross W.  Barbera (P)|
false|7:30 am - 8:55 am~TBA|R~ |ST. JOHN HALL MEZC~ST. JOHN'S UNIVERSITY ON-LINE|Jan 22, 2014 - May 13, 2014~Jan 22, 2014 - May 13, 2014|11305|ART|1090|0|Q|3.000|JEWELRY DESIGN|0|0|0|Ross W.  Barbera (P)|
false|TBA| |TBA|Jan 22, 2014 - May 13, 2014|13762|ART|1110|0|O|3.000|FOUNDATION DESIGN|998|0|0|TBA|
false|9:05 am - 11:55 am|MR|SULLIVAN HALL 222|Jan 22, 2014 - May 13, 2014|11355|ART|1115|0|Q|3.000|INTRO TO GRAHIC DESIGN II|11|0|0|George   Larkins (P)|
false|9:05 am - 11:55 am|TF|ST. JOHN HALL 405|Jan 22, 2014 - May 13, 2014|10316|ART|1130|0|Q|3.000|COLOR: THEORY AND ALICATION|12|0|0|Dan L.  Ault (P)|
false|9:05 am - 11:55 am|TF|ST. JOHN HALL 303|Jan 22, 2014 - May 13, 2014|10317|ART|1130|0|Q|3.000|COLOR: THEORY AND ALICATION|13|0|0|Annette   Cords (P)|
false|1:50 pm - 4:40 pm~TBA|W~ |SULLIVAN HALL 222~ST. JOHN'S UNIVERSITY ON-LINE|Jan 22, 2014 - May 13, 2014~Jan 22, 2014 - May 13, 2014|14439|ART|1135|0|Q|3.000|DIGITAL MEDIA|12|0|0|Louis   DiGena (P)|
false|12:15 pm - 1:40 pm~3:25 pm - 4:50 pm|MR~MR|ST. JOHN HALL 404~ST. JOHN HALL 404|Jan 22, 2014 - May 13, 2014~Jan 22, 2014 - May 13, 2014|13225|ART|1210|0|Q|3.000|INTRODUCTION TO DRAWING II|12|0|0|John T.  Legaspi (P)|
false|2:00 pm - 4:40 pm|W|LEONIANO 211W|Jan 20, 2014 - May 08, 2014|11908|ART|1250A|R2|A|3.000|ITALIAN SKETCHBOOK|7|0|0|TBA|
false|5:00 pm - 7:50 pm~TBA|M~ |SULLIVAN HALL 207~ST. JOHN'S UNIVERSITY ON-LINE|Jan 22, 2014 - May 13, 2014~Jan 22, 2014 - May 13, 2014|12104|ART|1280|0|Q|3.000|DIGITAL ILLUSTRATION|15|0|0|Max A.  Hergenrother (P)|
false|9:05 am - 11:55 am|MR|ST. JOHN HALL 303|Jan 22, 2014 - May 13, 2014|10314|ART|1290|0|Q|3.000|INTRODUCTION TO CARTOONING|11|0|0|Thomas M.  Kerr (P)|
false|9:05 am - 11:55 am~9:05 am - 11:55 am|TF~TF|ST. JOHN HALL 403~ST. JOHN HALL 316|Jan 22, 2014 - May 13, 2014~Jan 22, 2014 - May 13, 2014|10295|ART|1610|0|Q|3.000|HOTOGRAHY I|10|0|0|William A.  Morel (P)|
false|3:25 pm - 6:15 pm~3:25 pm - 6:15 pm|MR~MR|ST. JOHN HALL 316~ST. JOHN HALL 403|Jan 22, 2014 - May 13, 2014~Jan 22, 201